id,taskid
1,100000001
2,100000002
3,100000003
4,100000004
5,100000009
6,100000011
7,100000018
8,100000020
9,100000022
10,100000025
11,100000029
12,100000032
13,100000033
14,100000034
15,100000036
16,100000039
17,100000040
18,100000041
19,100000043
20,100000045
21,100000047
22,100000048
23,100000055
24,100000058
25,100000060
26,100000063
27,100000067
28,100000070
29,100000071
30,100000072
31,100000074
32,100000075
33,100000076
34,100000079
35,100000080
36,100000084
37,100000085
38,100000087
39,100000089
40,100000090
41,100000092
42,100000093
43,100000094
44,100000096
45,100000097
46,100000098
47,100000099
48,100000100
49,100000103
50,100000106
51,100000107
52,100000110
53,100000113
54,100000114
55,100000115
56,100000116
57,100000117
58,100000126
59,100000130
