id,kind,arg_1,arg_2,arg_3,number
1,1,2,-1,-1,1
2,1,3,-1,-1,2
3,1,4,-1,-1,3
4,1,5,-1,-1,4
5,1,6,-1,-1,5
6,1,7,-1,-1,6
7,1,8,-1,-1,7
8,1,9,-1,-1,8
9,1,10,-1,-1,9
10,1,11,-1,-1,10
11,1,12,-1,-1,11
12,1,13,-1,-1,12
13,1,14,-1,-1,13
14,1,15,-1,-1,14
15,1,16,-1,-1,15
16,1,17,-1,-1,16
17,1,18,-1,-1,17
18,1,19,-1,-1,18
19,1,20,-1,-1,19
20,1,21,-1,-1,20
21,1,22,-1,-1,21
22,1,23,-1,-1,22
23,1,24,-1,-1,23
24,1,25,-1,-1,24
25,1,26,-1,-1,25
26,1,27,-1,-1,26
27,1,28,-1,-1,27
28,1,29,-1,-1,28
29,1,30,-1,-1,29
30,1,31,-1,-1,30
31,1,32,-1,-1,31
32,1,33,-1,-1,32
33,1,34,-1,-1,33
34,1,35,-1,-1,34
35,1,36,-1,-1,35
36,1,37,-1,-1,36
37,1,38,-1,-1,37
38,1,39,-1,-1,38
39,1,40,-1,-1,39
40,1,41,-1,-1,40
41,2,1,1,0,12
42,2,1,1,1,12
43,2,1,1,2,12
44,2,1,1,3,12
45,2,1,1,4,12
46,2,1,1,5,12
47,2,1,1,6,12
48,2,1,1,7,12
49,2,1,2,0,13
50,2,1,2,1,13
51,2,1,2,2,13
52,2,1,2,3,13
53,2,1,2,4,13
54,2,1,2,5,13
55,2,1,2,6,13
56,2,1,2,7,13
57,2,1,3,0,14
58,2,1,3,1,14
59,2,1,3,2,14
60,2,1,3,3,14
61,2,1,3,4,14
62,2,1,3,5,14
63,2,1,3,6,14
64,2,1,3,7,14
65,2,1,4,0,15
66,2,1,4,1,15
67,2,1,4,2,15
68,2,1,4,3,15
69,2,1,4,4,15
70,2,1,4,5,15
71,2,1,4,6,15
72,2,1,4,7,15
73,2,1,5,0,16
74,2,1,5,1,16
75,2,1,5,2,16
76,2,1,5,3,16
77,2,1,5,4,16
78,2,1,5,5,16
79,2,1,5,6,16
80,2,1,5,7,16
81,2,1,6,0,17
82,2,1,6,1,17
83,2,1,6,2,17
84,2,1,6,3,17
85,2,1,6,4,17
86,2,1,6,5,17
87,2,1,6,6,17
88,2,1,6,7,17
89,2,1,7,0,18
90,2,1,7,1,18
91,2,1,7,2,18
92,2,1,7,3,18
93,2,1,7,4,18
94,2,1,7,5,18
95,2,1,7,6,18
96,2,1,7,7,18
97,2,1,8,0,19
98,2,1,8,1,19
99,2,1,8,2,19
100,2,1,8,3,19
101,2,1,8,4,19
102,2,1,8,5,19
103,2,1,8,6,19
104,2,1,8,7,19
105,2,1,9,0,20
106,2,1,9,1,20
107,2,1,9,2,20
108,2,1,9,3,20
109,2,1,9,4,20
110,2,1,9,5,20
111,2,1,9,6,20
112,2,1,9,7,20
113,2,1,10,0,21
114,2,1,10,1,21
115,2,1,10,2,21
116,2,1,10,3,21
117,2,1,10,4,21
118,2,1,10,5,21
119,2,1,10,6,21
120,2,1,10,7,21
121,2,2,1,0,23
122,2,2,1,1,23
123,2,2,1,2,23
124,2,2,1,3,23
125,2,2,1,4,23
126,2,2,1,5,23
127,2,2,1,6,23
128,2,2,1,7,23
129,2,2,2,0,24
130,2,2,2,1,24
131,2,2,2,2,24
132,2,2,2,3,24
133,2,2,2,4,24
134,2,2,2,5,24
135,2,2,2,6,24
136,2,2,2,7,24
137,2,2,3,0,25
138,2,2,3,1,25
139,2,2,3,2,25
140,2,2,3,3,25
141,2,2,3,4,25
142,2,2,3,5,25
143,2,2,3,6,25
144,2,2,3,7,25
145,2,2,4,0,26
146,2,2,4,1,26
147,2,2,4,2,26
148,2,2,4,3,26
149,2,2,4,4,26
150,2,2,4,5,26
151,2,2,4,6,26
152,2,2,4,7,26
153,2,2,5,0,27
154,2,2,5,1,27
155,2,2,5,2,27
156,2,2,5,3,27
157,2,2,5,4,27
158,2,2,5,5,27
159,2,2,5,6,27
160,2,2,5,7,27
161,2,2,6,0,28
162,2,2,6,1,28
163,2,2,6,2,28
164,2,2,6,3,28
165,2,2,6,4,28
166,2,2,6,5,28
167,2,2,6,6,28
168,2,2,6,7,28
169,2,2,7,0,29
170,2,2,7,1,29
171,2,2,7,2,29
172,2,2,7,3,29
173,2,2,7,4,29
174,2,2,7,5,29
175,2,2,7,6,29
176,2,2,7,7,29
177,2,2,8,0,30
178,2,2,8,1,30
179,2,2,8,2,30
180,2,2,8,3,30
181,2,2,8,4,30
182,2,2,8,5,30
183,2,2,8,6,30
184,2,2,8,7,30
185,2,2,9,0,31
186,2,2,9,1,31
187,2,2,9,2,31
188,2,2,9,3,31
189,2,2,9,4,31
190,2,2,9,5,31
191,2,2,9,6,31
192,2,2,9,7,31
193,2,2,10,0,32
194,2,2,10,1,32
195,2,2,10,2,32
196,2,2,10,3,32
197,2,2,10,4,32
198,2,2,10,5,32
199,2,2,10,6,32
200,2,2,10,7,32
201,2,3,1,0,34
202,2,3,1,1,34
203,2,3,1,2,34
204,2,3,1,3,34
205,2,3,1,4,34
206,2,3,1,5,34
207,2,3,1,6,34
208,2,3,1,7,34
209,2,3,2,0,35
210,2,3,2,1,35
211,2,3,2,2,35
212,2,3,2,3,35
213,2,3,2,4,35
214,2,3,2,5,35
215,2,3,2,6,35
216,2,3,2,7,35
217,2,3,3,0,36
218,2,3,3,1,36
219,2,3,3,2,36
220,2,3,3,3,36
221,2,3,3,4,36
222,2,3,3,5,36
223,2,3,3,6,36
224,2,3,3,7,36
225,2,3,4,0,37
226,2,3,4,1,37
227,2,3,4,2,37
228,2,3,4,3,37
229,2,3,4,4,37
230,2,3,4,5,37
231,2,3,4,6,37
232,2,3,4,7,37
233,2,3,5,0,38
234,2,3,5,1,38
235,2,3,5,2,38
236,2,3,5,3,38
237,2,3,5,4,38
238,2,3,5,5,38
239,2,3,5,6,38
240,2,3,5,7,38
241,2,3,6,0,39
242,2,3,6,1,39
243,2,3,6,2,39
244,2,3,6,3,39
245,2,3,6,4,39
246,2,3,6,5,39
247,2,3,6,6,39
248,2,3,6,7,39
249,2,3,7,0,40
250,2,3,7,1,40
251,2,3,7,2,40
252,2,3,7,3,40
253,2,3,7,4,40
254,2,3,7,5,40
255,2,3,7,6,40
256,2,3,7,7,40
257,2,3,8,0,41
258,2,3,8,1,41
259,2,3,8,2,41
260,2,3,8,3,41
261,2,3,8,4,41
262,2,3,8,5,41
263,2,3,8,6,41
264,2,3,8,7,41
265,2,3,9,0,42
266,2,3,9,1,42
267,2,3,9,2,42
268,2,3,9,3,42
269,2,3,9,4,42
270,2,3,9,5,42
271,2,3,9,6,42
272,2,3,9,7,42
273,2,3,10,0,43
274,2,3,10,1,43
275,2,3,10,2,43
276,2,3,10,3,43
277,2,3,10,4,43
278,2,3,10,5,43
279,2,3,10,6,43
280,2,3,10,7,43
281,2,4,1,0,45
282,2,4,1,1,45
283,2,4,1,2,45
284,2,4,1,3,45
285,2,4,1,4,45
286,2,4,1,5,45
287,2,4,1,6,45
288,2,4,1,7,45
289,2,4,2,0,46
290,2,4,2,1,46
291,2,4,2,2,46
292,2,4,2,3,46
293,2,4,2,4,46
294,2,4,2,5,46
295,2,4,2,6,46
296,2,4,2,7,46
297,2,4,3,0,47
298,2,4,3,1,47
299,2,4,3,2,47
300,2,4,3,3,47
301,2,4,3,4,47
302,2,4,3,5,47
303,2,4,3,6,47
304,2,4,3,7,47
305,2,4,4,0,48
306,2,4,4,1,48
307,2,4,4,2,48
308,2,4,4,3,48
309,2,4,4,4,48
310,2,4,4,5,48
311,2,4,4,6,48
312,2,4,4,7,48
313,2,4,5,0,49
314,2,4,5,1,49
315,2,4,5,2,49
316,2,4,5,3,49
317,2,4,5,4,49
318,2,4,5,5,49
319,2,4,5,6,49
320,2,4,5,7,49
321,2,4,6,0,50
322,2,4,6,1,50
323,2,4,6,2,50
324,2,4,6,3,50
325,2,4,6,4,50
326,2,4,6,5,50
327,2,4,6,6,50
328,2,4,6,7,50
329,2,4,7,0,51
330,2,4,7,1,51
331,2,4,7,2,51
332,2,4,7,3,51
333,2,4,7,4,51
334,2,4,7,5,51
335,2,4,7,6,51
336,2,4,7,7,51
337,2,4,8,0,52
338,2,4,8,1,52
339,2,4,8,2,52
340,2,4,8,3,52
341,2,4,8,4,52
342,2,4,8,5,52
343,2,4,8,6,52
344,2,4,8,7,52
345,2,4,9,0,53
346,2,4,9,1,53
347,2,4,9,2,53
348,2,4,9,3,53
349,2,4,9,4,53
350,2,4,9,5,53
351,2,4,9,6,53
352,2,4,9,7,53
353,2,4,10,0,54
354,2,4,10,1,54
355,2,4,10,2,54
356,2,4,10,3,54
357,2,4,10,4,54
358,2,4,10,5,54
359,2,4,10,6,54
360,2,4,10,7,54
361,2,5,1,0,56
362,2,5,1,1,56
363,2,5,1,2,56
364,2,5,1,3,56
365,2,5,1,4,56
366,2,5,1,5,56
367,2,5,1,6,56
368,2,5,1,7,56
369,2,5,2,0,57
370,2,5,2,1,57
371,2,5,2,2,57
372,2,5,2,3,57
373,2,5,2,4,57
374,2,5,2,5,57
375,2,5,2,6,57
376,2,5,2,7,57
377,2,5,3,0,58
378,2,5,3,1,58
379,2,5,3,2,58
380,2,5,3,3,58
381,2,5,3,4,58
382,2,5,3,5,58
383,2,5,3,6,58
384,2,5,3,7,58
385,2,5,4,0,59
386,2,5,4,1,59
387,2,5,4,2,59
388,2,5,4,3,59
389,2,5,4,4,59
390,2,5,4,5,59
391,2,5,4,6,59
392,2,5,4,7,59
393,2,5,5,0,60
394,2,5,5,1,60
395,2,5,5,2,60
396,2,5,5,3,60
397,2,5,5,4,60
398,2,5,5,5,60
399,2,5,5,6,60
400,2,5,5,7,60
401,2,5,6,0,61
402,2,5,6,1,61
403,2,5,6,2,61
404,2,5,6,3,61
405,2,5,6,4,61
406,2,5,6,5,61
407,2,5,6,6,61
408,2,5,6,7,61
409,2,5,7,0,62
410,2,5,7,1,62
411,2,5,7,2,62
412,2,5,7,3,62
413,2,5,7,4,62
414,2,5,7,5,62
415,2,5,7,6,62
416,2,5,7,7,62
417,2,5,8,0,63
418,2,5,8,1,63
419,2,5,8,2,63
420,2,5,8,3,63
421,2,5,8,4,63
422,2,5,8,5,63
423,2,5,8,6,63
424,2,5,8,7,63
425,2,5,9,0,64
426,2,5,9,1,64
427,2,5,9,2,64
428,2,5,9,3,64
429,2,5,9,4,64
430,2,5,9,5,64
431,2,5,9,6,64
432,2,5,9,7,64
433,2,5,10,0,65
434,2,5,10,1,65
435,2,5,10,2,65
436,2,5,10,3,65
437,2,5,10,4,65
438,2,5,10,5,65
439,2,5,10,6,65
440,2,5,10,7,65
441,2,6,1,0,67
442,2,6,1,1,67
443,2,6,1,2,67
444,2,6,1,3,67
445,2,6,1,4,67
446,2,6,1,5,67
447,2,6,1,6,67
448,2,6,1,7,67
449,2,6,2,0,68
450,2,6,2,1,68
451,2,6,2,2,68
452,2,6,2,3,68
453,2,6,2,4,68
454,2,6,2,5,68
455,2,6,2,6,68
456,2,6,2,7,68
457,2,6,3,0,69
458,2,6,3,1,69
459,2,6,3,2,69
460,2,6,3,3,69
461,2,6,3,4,69
462,2,6,3,5,69
463,2,6,3,6,69
464,2,6,3,7,69
465,2,6,4,0,70
466,2,6,4,1,70
467,2,6,4,2,70
468,2,6,4,3,70
469,2,6,4,4,70
470,2,6,4,5,70
471,2,6,4,6,70
472,2,6,4,7,70
473,2,6,5,0,71
474,2,6,5,1,71
475,2,6,5,2,71
476,2,6,5,3,71
477,2,6,5,4,71
478,2,6,5,5,71
479,2,6,5,6,71
480,2,6,5,7,71
481,2,6,6,0,72
482,2,6,6,1,72
483,2,6,6,2,72
484,2,6,6,3,72
485,2,6,6,4,72
486,2,6,6,5,72
487,2,6,6,6,72
488,2,6,6,7,72
489,2,6,7,0,73
490,2,6,7,1,73
491,2,6,7,2,73
492,2,6,7,3,73
493,2,6,7,4,73
494,2,6,7,5,73
495,2,6,7,6,73
496,2,6,7,7,73
497,2,6,8,0,74
498,2,6,8,1,74
499,2,6,8,2,74
500,2,6,8,3,74
501,2,6,8,4,74
502,2,6,8,5,74
503,2,6,8,6,74
504,2,6,8,7,74
505,2,6,9,0,75
506,2,6,9,1,75
507,2,6,9,2,75
508,2,6,9,3,75
509,2,6,9,4,75
510,2,6,9,5,75
511,2,6,9,6,75
512,2,6,9,7,75
513,2,6,10,0,76
514,2,6,10,1,76
515,2,6,10,2,76
516,2,6,10,3,76
517,2,6,10,4,76
518,2,6,10,5,76
519,2,6,10,6,76
520,2,6,10,7,76
521,2,7,1,0,78
522,2,7,1,1,78
523,2,7,1,2,78
524,2,7,1,3,78
525,2,7,1,4,78
526,2,7,1,5,78
527,2,7,1,6,78
528,2,7,1,7,78
529,2,7,2,0,79
530,2,7,2,1,79
531,2,7,2,2,79
532,2,7,2,3,79
533,2,7,2,4,79
534,2,7,2,5,79
535,2,7,2,6,79
536,2,7,2,7,79
537,2,7,3,0,80
538,2,7,3,1,80
539,2,7,3,2,80
540,2,7,3,3,80
541,2,7,3,4,80
542,2,7,3,5,80
543,2,7,3,6,80
544,2,7,3,7,80
545,2,7,4,0,81
546,2,7,4,1,81
547,2,7,4,2,81
548,2,7,4,3,81
549,2,7,4,4,81
550,2,7,4,5,81
551,2,7,4,6,81
552,2,7,4,7,81
553,2,7,5,0,82
554,2,7,5,1,82
555,2,7,5,2,82
556,2,7,5,3,82
557,2,7,5,4,82
558,2,7,5,5,82
559,2,7,5,6,82
560,2,7,5,7,82
561,2,7,6,0,83
562,2,7,6,1,83
563,2,7,6,2,83
564,2,7,6,3,83
565,2,7,6,4,83
566,2,7,6,5,83
567,2,7,6,6,83
568,2,7,6,7,83
569,2,7,7,0,84
570,2,7,7,1,84
571,2,7,7,2,84
572,2,7,7,3,84
573,2,7,7,4,84
574,2,7,7,5,84
575,2,7,7,6,84
576,2,7,7,7,84
577,2,7,8,0,85
578,2,7,8,1,85
579,2,7,8,2,85
580,2,7,8,3,85
581,2,7,8,4,85
582,2,7,8,5,85
583,2,7,8,6,85
584,2,7,8,7,85
585,2,7,9,0,86
586,2,7,9,1,86
587,2,7,9,2,86
588,2,7,9,3,86
589,2,7,9,4,86
590,2,7,9,5,86
591,2,7,9,6,86
592,2,7,9,7,86
593,2,7,10,0,87
594,2,7,10,1,87
595,2,7,10,2,87
596,2,7,10,3,87
597,2,7,10,4,87
598,2,7,10,5,87
599,2,7,10,6,87
600,2,7,10,7,87
601,2,8,1,0,89
602,2,8,1,1,89
603,2,8,1,2,89
604,2,8,1,3,89
605,2,8,1,4,89
606,2,8,1,5,89
607,2,8,1,6,89
608,2,8,1,7,89
609,2,8,2,0,90
610,2,8,2,1,90
611,2,8,2,2,90
612,2,8,2,3,90
613,2,8,2,4,90
614,2,8,2,5,90
615,2,8,2,6,90
616,2,8,2,7,90
617,2,8,3,0,91
618,2,8,3,1,91
619,2,8,3,2,91
620,2,8,3,3,91
621,2,8,3,4,91
622,2,8,3,5,91
623,2,8,3,6,91
624,2,8,3,7,91
625,2,8,4,0,92
626,2,8,4,1,92
627,2,8,4,2,92
628,2,8,4,3,92
629,2,8,4,4,92
630,2,8,4,5,92
631,2,8,4,6,92
632,2,8,4,7,92
633,2,8,5,0,93
634,2,8,5,1,93
635,2,8,5,2,93
636,2,8,5,3,93
637,2,8,5,4,93
638,2,8,5,5,93
639,2,8,5,6,93
640,2,8,5,7,93
641,2,8,6,0,94
642,2,8,6,1,94
643,2,8,6,2,94
644,2,8,6,3,94
645,2,8,6,4,94
646,2,8,6,5,94
647,2,8,6,6,94
648,2,8,6,7,94
649,2,8,7,0,95
650,2,8,7,1,95
651,2,8,7,2,95
652,2,8,7,3,95
653,2,8,7,4,95
654,2,8,7,5,95
655,2,8,7,6,95
656,2,8,7,7,95
657,2,8,8,0,96
658,2,8,8,1,96
659,2,8,8,2,96
660,2,8,8,3,96
661,2,8,8,4,96
662,2,8,8,5,96
663,2,8,8,6,96
664,2,8,8,7,96
665,2,8,9,0,97
666,2,8,9,1,97
667,2,8,9,2,97
668,2,8,9,3,97
669,2,8,9,4,97
670,2,8,9,5,97
671,2,8,9,6,97
672,2,8,9,7,97
673,2,8,10,0,98
674,2,8,10,1,98
675,2,8,10,2,98
676,2,8,10,3,98
677,2,8,10,4,98
678,2,8,10,5,98
679,2,8,10,6,98
680,2,8,10,7,98
681,2,9,1,0,100
682,2,9,1,1,100
683,2,9,1,2,100
684,2,9,1,3,100
685,2,9,1,4,100
686,2,9,1,5,100
687,2,9,1,6,100
688,2,9,1,7,100
689,2,9,2,0,101
690,2,9,2,1,101
691,2,9,2,2,101
692,2,9,2,3,101
693,2,9,2,4,101
694,2,9,2,5,101
695,2,9,2,6,101
696,2,9,2,7,101
697,2,9,3,0,102
698,2,9,3,1,102
699,2,9,3,2,102
700,2,9,3,3,102
701,2,9,3,4,102
702,2,9,3,5,102
703,2,9,3,6,102
704,2,9,3,7,102
705,2,9,4,0,103
706,2,9,4,1,103
707,2,9,4,2,103
708,2,9,4,3,103
709,2,9,4,4,103
710,2,9,4,5,103
711,2,9,4,6,103
712,2,9,4,7,103
713,2,9,5,0,104
714,2,9,5,1,104
715,2,9,5,2,104
716,2,9,5,3,104
717,2,9,5,4,104
718,2,9,5,5,104
719,2,9,5,6,104
720,2,9,5,7,104
721,2,9,6,0,105
722,2,9,6,1,105
723,2,9,6,2,105
724,2,9,6,3,105
725,2,9,6,4,105
726,2,9,6,5,105
727,2,9,6,6,105
728,2,9,6,7,105
729,2,9,7,0,106
730,2,9,7,1,106
731,2,9,7,2,106
732,2,9,7,3,106
733,2,9,7,4,106
734,2,9,7,5,106
735,2,9,7,6,106
736,2,9,7,7,106
737,2,9,8,0,107
738,2,9,8,1,107
739,2,9,8,2,107
740,2,9,8,3,107
741,2,9,8,4,107
742,2,9,8,5,107
743,2,9,8,6,107
744,2,9,8,7,107
745,2,9,9,0,108
746,2,9,9,1,108
747,2,9,9,2,108
748,2,9,9,3,108
749,2,9,9,4,108
750,2,9,9,5,108
751,2,9,9,6,108
752,2,9,9,7,108
753,2,9,10,0,109
754,2,9,10,1,109
755,2,9,10,2,109
756,2,9,10,3,109
757,2,9,10,4,109
758,2,9,10,5,109
759,2,9,10,6,109
760,2,9,10,7,109
761,2,10,1,0,111
762,2,10,1,1,111
763,2,10,1,2,111
764,2,10,1,3,111
765,2,10,1,4,111
766,2,10,1,5,111
767,2,10,1,6,111
768,2,10,1,7,111
769,2,10,2,0,112
770,2,10,2,1,112
771,2,10,2,2,112
772,2,10,2,3,112
773,2,10,2,4,112
774,2,10,2,5,112
775,2,10,2,6,112
776,2,10,2,7,112
777,2,10,3,0,113
778,2,10,3,1,113
779,2,10,3,2,113
780,2,10,3,3,113
781,2,10,3,4,113
782,2,10,3,5,113
783,2,10,3,6,113
784,2,10,3,7,113
785,2,10,4,0,114
786,2,10,4,1,114
787,2,10,4,2,114
788,2,10,4,3,114
789,2,10,4,4,114
790,2,10,4,5,114
791,2,10,4,6,114
792,2,10,4,7,114
793,2,10,5,0,115
794,2,10,5,1,115
795,2,10,5,2,115
796,2,10,5,3,115
797,2,10,5,4,115
798,2,10,5,5,115
799,2,10,5,6,115
800,2,10,5,7,115
801,2,10,6,0,116
802,2,10,6,1,116
803,2,10,6,2,116
804,2,10,6,3,116
805,2,10,6,4,116
806,2,10,6,5,116
807,2,10,6,6,116
808,2,10,6,7,116
809,2,10,7,0,117
810,2,10,7,1,117
811,2,10,7,2,117
812,2,10,7,3,117
813,2,10,7,4,117
814,2,10,7,5,117
815,2,10,7,6,117
816,2,10,7,7,117
817,2,10,8,0,118
818,2,10,8,1,118
819,2,10,8,2,118
820,2,10,8,3,118
821,2,10,8,4,118
822,2,10,8,5,118
823,2,10,8,6,118
824,2,10,8,7,118
825,2,10,9,0,119
826,2,10,9,1,119
827,2,10,9,2,119
828,2,10,9,3,119
829,2,10,9,4,119
830,2,10,9,5,119
831,2,10,9,6,119
832,2,10,9,7,119
833,2,10,10,0,120
834,2,10,10,1,120
835,2,10,10,2,120
836,2,10,10,3,120
837,2,10,10,4,120
838,2,10,10,5,120
839,2,10,10,6,120
840,2,10,10,7,120
841,4,1,1,-1,1
842,4,1,2,-1,2
843,4,1,3,-1,3
844,4,1,4,-1,4
845,4,1,5,-1,5
846,4,1,6,-1,6
847,4,1,7,-1,7
848,4,1,8,-1,8
849,4,1,9,-1,9
850,4,1,10,-1,10
851,4,2,1,-1,1
852,4,2,2,-1,2
853,4,2,3,-1,3
854,4,2,4,-1,4
855,4,2,5,-1,5
856,4,2,6,-1,6
857,4,2,7,-1,7
858,4,2,8,-1,8
859,4,2,9,-1,9
860,4,2,10,-1,10
861,4,2,11,-1,11
862,4,2,12,-1,12
863,4,2,13,-1,13
864,4,2,14,-1,14
865,4,2,15,-1,15
866,4,2,16,-1,16
867,4,2,17,-1,17
868,4,2,18,-1,18
869,4,2,19,-1,19
870,4,2,20,-1,20
871,4,3,1,-1,1
872,4,3,2,-1,2
873,4,3,3,-1,3
874,4,3,4,-1,4
875,4,3,5,-1,5
876,4,3,6,-1,6
877,4,3,7,-1,7
878,4,3,8,-1,8
879,4,3,9,-1,9
880,4,3,10,-1,10
881,4,3,11,-1,11
882,4,3,12,-1,12
883,4,3,13,-1,13
884,4,3,14,-1,14
885,4,3,15,-1,15
886,4,3,16,-1,16
887,4,3,17,-1,17
888,4,3,18,-1,18
889,4,3,19,-1,19
890,4,3,20,-1,20
891,4,3,21,-1,21
892,4,3,22,-1,22
893,4,3,23,-1,23
894,4,3,24,-1,24
895,4,3,25,-1,25
896,4,3,26,-1,26
897,4,3,27,-1,27
898,4,3,28,-1,28
899,4,3,29,-1,29
900,4,3,30,-1,30
901,4,4,1,-1,1
902,4,4,2,-1,2
903,4,4,3,-1,3
904,4,4,4,-1,4
905,4,4,5,-1,5
906,4,4,6,-1,6
907,4,4,7,-1,7
908,4,4,8,-1,8
909,4,4,9,-1,9
910,4,4,10,-1,10
911,4,4,11,-1,11
912,4,4,12,-1,12
913,4,4,13,-1,13
914,4,4,14,-1,14
915,4,4,15,-1,15
916,4,4,16,-1,16
917,4,4,17,-1,17
918,4,4,18,-1,18
919,4,4,19,-1,19
920,4,4,20,-1,20
921,4,4,21,-1,21
922,4,4,22,-1,22
923,4,4,23,-1,23
924,4,4,24,-1,24
925,4,4,25,-1,25
926,4,4,26,-1,26
927,4,4,27,-1,27
928,4,4,28,-1,28
929,4,4,29,-1,29
930,4,4,30,-1,30
931,4,4,31,-1,31
932,4,4,32,-1,32
933,4,4,33,-1,33
934,4,4,34,-1,34
935,4,4,35,-1,35
936,4,4,36,-1,36
937,4,4,37,-1,37
938,4,4,38,-1,38
939,4,4,39,-1,39
940,4,4,40,-1,40
941,4,5,1,-1,1
942,4,5,2,-1,2
943,4,5,3,-1,3
944,4,5,4,-1,4
945,4,5,5,-1,5
946,4,5,6,-1,6
947,4,5,7,-1,7
948,4,5,8,-1,8
949,4,5,9,-1,9
950,4,5,10,-1,10
951,4,5,11,-1,11
952,4,5,12,-1,12
953,4,5,13,-1,13
954,4,5,14,-1,14
955,4,5,15,-1,15
956,4,5,16,-1,16
957,4,5,17,-1,17
958,4,5,18,-1,18
959,4,5,19,-1,19
960,4,5,20,-1,20
961,4,6,1,-1,1
962,4,6,2,-1,2
963,4,6,3,-1,3
964,4,6,4,-1,4
965,4,6,5,-1,5
966,4,6,6,-1,6
967,4,6,7,-1,7
968,4,6,8,-1,8
969,4,6,9,-1,9
970,4,6,10,-1,10
971,4,6,11,-1,11
972,4,6,12,-1,12
973,4,6,13,-1,13
974,4,6,14,-1,14
975,4,6,15,-1,15
976,4,6,16,-1,16
977,4,6,17,-1,17
978,4,6,18,-1,18
979,4,6,19,-1,19
980,4,6,20,-1,20
981,4,6,21,-1,21
982,4,6,22,-1,22
983,4,6,23,-1,23
984,4,6,24,-1,24
985,4,6,25,-1,25
986,4,6,26,-1,26
987,4,6,27,-1,27
988,4,6,28,-1,28
989,4,6,29,-1,29
990,4,6,30,-1,30
991,4,7,1,-1,1
992,4,7,2,-1,2
993,4,7,3,-1,3
994,4,7,4,-1,4
995,4,7,5,-1,5
996,4,7,6,-1,6
997,4,7,7,-1,7
998,4,7,8,-1,8
999,4,7,9,-1,9
1000,4,7,10,-1,10
1001,4,7,11,-1,11
1002,4,7,12,-1,12
1003,4,7,13,-1,13
1004,4,7,14,-1,14
1005,4,7,15,-1,15
1006,4,7,16,-1,16
1007,4,7,17,-1,17
1008,4,7,18,-1,18
1009,4,7,19,-1,19
1010,4,7,20,-1,20
1011,4,7,21,-1,21
1012,4,7,22,-1,22
1013,4,7,23,-1,23
1014,4,7,24,-1,24
1015,4,7,25,-1,25
1016,4,7,26,-1,26
1017,4,7,27,-1,27
1018,4,7,28,-1,28
1019,4,7,29,-1,29
1020,4,7,30,-1,30
1021,4,7,31,-1,31
1022,4,7,32,-1,32
1023,4,7,33,-1,33
1024,4,7,34,-1,34
1025,4,7,35,-1,35
1026,4,7,36,-1,36
1027,4,7,37,-1,37
1028,4,7,38,-1,38
1029,4,7,39,-1,39
1030,4,7,40,-1,40
1031,4,8,1,-1,1
1032,4,8,2,-1,2
1033,4,8,3,-1,3
1034,4,8,4,-1,4
1035,4,8,5,-1,5
1036,4,8,6,-1,6
1037,4,8,7,-1,7
1038,4,8,8,-1,8
1039,4,8,9,-1,9
1040,4,8,10,-1,10
1041,4,8,11,-1,11
1042,4,8,12,-1,12
1043,4,8,13,-1,13
1044,4,8,14,-1,14
1045,4,8,15,-1,15
1046,4,8,16,-1,16
1047,4,8,17,-1,17
1048,4,8,18,-1,18
1049,4,8,19,-1,19
1050,4,8,20,-1,20
1051,4,9,1,-1,1
1052,4,9,2,-1,2
1053,4,9,3,-1,3
1054,4,9,4,-1,4
1055,4,9,5,-1,5
1056,4,9,6,-1,6
1057,4,9,7,-1,7
1058,4,9,8,-1,8
1059,4,9,9,-1,9
1060,4,9,10,-1,10
1061,4,9,11,-1,11
1062,4,9,12,-1,12
1063,4,9,13,-1,13
1064,4,9,14,-1,14
1065,4,9,15,-1,15
1066,4,9,16,-1,16
1067,4,9,17,-1,17
1068,4,9,18,-1,18
1069,4,9,19,-1,19
1070,4,9,20,-1,20
1071,4,9,21,-1,21
1072,4,9,22,-1,22
1073,4,9,23,-1,23
1074,4,9,24,-1,24
1075,4,9,25,-1,25
1076,4,9,26,-1,26
1077,4,9,27,-1,27
1078,4,9,28,-1,28
1079,4,9,29,-1,29
1080,4,9,30,-1,30
1081,4,10,1,-1,1
1082,4,10,2,-1,2
1083,4,10,3,-1,3
1084,4,10,4,-1,4
1085,4,10,5,-1,5
1086,4,10,6,-1,6
1087,4,10,7,-1,7
1088,4,10,8,-1,8
1089,4,10,9,-1,9
1090,4,10,10,-1,10
1091,4,10,11,-1,11
1092,4,10,12,-1,12
1093,4,10,13,-1,13
1094,4,10,14,-1,14
1095,4,10,15,-1,15
1096,4,10,16,-1,16
1097,4,10,17,-1,17
1098,4,10,18,-1,18
1099,4,10,19,-1,19
1100,4,10,20,-1,20
1101,4,10,21,-1,21
1102,4,10,22,-1,22
1103,4,10,23,-1,23
1104,4,10,24,-1,24
1105,4,10,25,-1,25
1106,4,10,26,-1,26
1107,4,10,27,-1,27
1108,4,10,28,-1,28
1109,4,10,29,-1,29
1110,4,10,30,-1,30
1111,4,10,31,-1,31
1112,4,10,32,-1,32
1113,4,10,33,-1,33
1114,4,10,34,-1,34
1115,4,10,35,-1,35
1116,4,10,36,-1,36
1117,4,10,37,-1,37
1118,4,10,38,-1,38
1119,4,10,39,-1,39
1120,4,10,40,-1,40
1121,5,1,1,-1,2
1122,5,1,2,-1,4
1123,5,1,3,-1,6
1124,5,1,4,-1,8
1125,5,1,5,-1,10
1126,5,1,6,-1,12
1127,5,1,7,-1,14
1128,5,1,8,-1,16
1129,5,1,9,-1,18
1130,5,1,10,-1,20
1131,5,1,11,-1,22
1132,5,1,12,-1,24
1133,5,1,13,-1,26
1134,5,1,14,-1,28
1135,5,1,15,-1,30
1136,5,1,16,-1,32
1137,5,1,17,-1,34
1138,5,1,18,-1,36
1139,5,1,19,-1,38
1140,5,1,20,-1,40
1141,5,1,21,-1,42
1142,5,1,22,-1,44
1143,5,1,23,-1,46
1144,5,1,24,-1,48
1145,5,1,25,-1,50
1146,5,1,26,-1,52
1147,5,1,27,-1,54
1148,5,1,28,-1,56
1149,5,1,29,-1,58
1150,5,1,30,-1,60
1151,5,1,31,-1,62
1152,5,1,32,-1,64
1153,5,1,33,-1,66
1154,5,1,34,-1,68
1155,5,1,35,-1,70
1156,5,1,36,-1,72
1157,5,1,37,-1,74
1158,5,1,38,-1,76
1159,5,1,39,-1,78
1160,5,1,40,-1,80
1161,5,1,41,-1,82
1162,5,1,42,-1,84
1163,5,1,43,-1,86
1164,5,1,44,-1,88
1165,5,1,45,-1,90
1166,5,1,46,-1,92
1167,5,1,47,-1,94
1168,5,1,48,-1,96
1169,5,1,49,-1,98
1170,5,1,50,-1,100
1171,5,1,51,-1,102
1172,5,1,52,-1,104
1173,5,1,53,-1,106
1174,5,1,54,-1,108
1175,5,1,55,-1,110
1176,5,1,56,-1,112
1177,5,1,57,-1,114
1178,5,1,58,-1,116
1179,5,1,59,-1,118
1180,5,1,60,-1,120
1181,5,1,61,-1,122
1182,5,1,62,-1,124
1183,5,1,63,-1,126
1184,5,1,64,-1,128
1185,5,1,65,-1,130
1186,5,1,66,-1,132
1187,5,1,67,-1,134
1188,5,1,68,-1,136
1189,5,1,69,-1,138
1190,5,1,70,-1,140
1191,5,1,71,-1,142
1192,5,1,72,-1,144
1193,5,1,73,-1,146
1194,5,1,74,-1,148
1195,5,1,75,-1,150
1196,5,1,76,-1,152
1197,5,1,77,-1,154
1198,5,1,78,-1,156
1199,5,1,79,-1,158
1200,5,1,80,-1,160
1201,5,1,81,-1,162
1202,5,1,82,-1,164
1203,5,1,83,-1,166
1204,5,1,84,-1,168
1205,5,1,85,-1,170
1206,5,1,86,-1,172
1207,5,1,87,-1,174
1208,5,1,88,-1,176
1209,5,1,89,-1,178
1210,5,1,90,-1,180
1211,5,1,91,-1,182
1212,5,1,92,-1,184
1213,5,1,93,-1,186
1214,5,1,94,-1,188
1215,5,1,95,-1,190
1216,5,1,96,-1,192
1217,5,1,97,-1,194
1218,5,1,98,-1,196
1219,5,1,99,-1,198
1220,5,1,100,-1,200
1221,5,2,1,-1,1
1222,5,2,2,-1,2
1223,5,2,3,-1,3
1224,5,2,4,-1,4
1225,5,2,5,-1,5
1226,5,2,6,-1,6
1227,5,2,7,-1,7
1228,5,2,8,-1,8
1229,5,2,9,-1,9
1230,5,2,10,-1,10
1231,5,2,11,-1,11
1232,5,2,12,-1,12
1233,5,2,13,-1,13
1234,5,2,14,-1,14
1235,5,2,15,-1,15
1236,5,2,16,-1,16
1237,5,2,17,-1,17
1238,5,2,18,-1,18
1239,5,2,19,-1,19
1240,5,2,20,-1,20
1241,5,2,21,-1,21
1242,5,2,22,-1,22
1243,5,2,23,-1,23
1244,5,2,24,-1,24
1245,5,2,25,-1,25
1246,5,2,26,-1,26
1247,5,2,27,-1,27
1248,5,2,28,-1,28
1249,5,2,29,-1,29
1250,5,2,30,-1,30
1251,5,2,31,-1,31
1252,5,2,32,-1,32
1253,5,2,33,-1,33
1254,5,2,34,-1,34
1255,5,2,35,-1,35
1256,5,2,36,-1,36
1257,5,2,37,-1,37
1258,5,2,38,-1,38
1259,5,2,39,-1,39
1260,5,2,40,-1,40
1261,5,2,41,-1,41
1262,5,2,42,-1,42
1263,5,2,43,-1,43
1264,5,2,44,-1,44
1265,5,2,45,-1,45
1266,5,2,46,-1,46
1267,5,2,47,-1,47
1268,5,2,48,-1,48
1269,5,2,49,-1,49
1270,5,2,50,-1,50
1271,5,2,51,-1,51
1272,5,2,52,-1,52
1273,5,2,53,-1,53
1274,5,2,54,-1,54
1275,5,2,55,-1,55
1276,5,2,56,-1,56
1277,5,2,57,-1,57
1278,5,2,58,-1,58
1279,5,2,59,-1,59
1280,5,2,60,-1,60
1281,5,2,61,-1,61
1282,5,2,62,-1,62
1283,5,2,63,-1,63
1284,5,2,64,-1,64
1285,5,2,65,-1,65
1286,5,2,66,-1,66
1287,5,2,67,-1,67
1288,5,2,68,-1,68
1289,5,2,69,-1,69
1290,5,2,70,-1,70
1291,5,2,71,-1,71
1292,5,2,72,-1,72
1293,5,2,73,-1,73
1294,5,2,74,-1,74
1295,5,2,75,-1,75
1296,5,2,76,-1,76
1297,5,2,77,-1,77
1298,5,2,78,-1,78
1299,5,2,79,-1,79
1300,5,2,80,-1,80
1301,5,2,81,-1,81
1302,5,2,82,-1,82
1303,5,2,83,-1,83
1304,5,2,84,-1,84
1305,5,2,85,-1,85
1306,5,2,86,-1,86
1307,5,2,87,-1,87
1308,5,2,88,-1,88
1309,5,2,89,-1,89
1310,5,2,90,-1,90
1311,5,2,91,-1,91
1312,5,2,92,-1,92
1313,5,2,93,-1,93
1314,5,2,94,-1,94
1315,5,2,95,-1,95
1316,5,2,96,-1,96
1317,5,2,97,-1,97
1318,5,2,98,-1,98
1319,5,2,99,-1,99
1320,5,2,100,-1,100
1321,5,3,1,-1,2
1322,5,3,2,-1,4
1323,5,3,3,-1,6
1324,5,3,4,-1,8
1325,5,3,5,-1,10
1326,5,3,6,-1,12
1327,5,3,7,-1,14
1328,5,3,8,-1,16
1329,5,3,9,-1,18
1330,5,3,10,-1,20
1331,5,3,11,-1,22
1332,5,3,12,-1,24
1333,5,3,13,-1,26
1334,5,3,14,-1,28
1335,5,3,15,-1,30
1336,5,3,16,-1,32
1337,5,3,17,-1,34
1338,5,3,18,-1,36
1339,5,3,19,-1,38
1340,5,3,20,-1,40
1341,5,3,21,-1,42
1342,5,3,22,-1,44
1343,5,3,23,-1,46
1344,5,3,24,-1,48
1345,5,3,25,-1,50
1346,5,3,26,-1,52
1347,5,3,27,-1,54
1348,5,3,28,-1,56
1349,5,3,29,-1,58
1350,5,3,30,-1,60
1351,5,3,31,-1,62
1352,5,3,32,-1,64
1353,5,3,33,-1,66
1354,5,3,34,-1,68
1355,5,3,35,-1,70
1356,5,3,36,-1,72
1357,5,3,37,-1,74
1358,5,3,38,-1,76
1359,5,3,39,-1,78
1360,5,3,40,-1,80
1361,5,3,41,-1,82
1362,5,3,42,-1,84
1363,5,3,43,-1,86
1364,5,3,44,-1,88
1365,5,3,45,-1,90
1366,5,3,46,-1,92
1367,5,3,47,-1,94
1368,5,3,48,-1,96
1369,5,3,49,-1,98
1370,5,3,50,-1,100
1371,5,3,51,-1,102
1372,5,3,52,-1,104
1373,5,3,53,-1,106
1374,5,3,54,-1,108
1375,5,3,55,-1,110
1376,5,3,56,-1,112
1377,5,3,57,-1,114
1378,5,3,58,-1,116
1379,5,3,59,-1,118
1380,5,3,60,-1,120
1381,5,3,61,-1,122
1382,5,3,62,-1,124
1383,5,3,63,-1,126
1384,5,3,64,-1,128
1385,5,3,65,-1,130
1386,5,3,66,-1,132
1387,5,3,67,-1,134
1388,5,3,68,-1,136
1389,5,3,69,-1,138
1390,5,3,70,-1,140
1391,5,3,71,-1,142
1392,5,3,72,-1,144
1393,5,3,73,-1,146
1394,5,3,74,-1,148
1395,5,3,75,-1,150
1396,5,3,76,-1,152
1397,5,3,77,-1,154
1398,5,3,78,-1,156
1399,5,3,79,-1,158
1400,5,3,80,-1,160
1401,5,3,81,-1,162
1402,5,3,82,-1,164
1403,5,3,83,-1,166
1404,5,3,84,-1,168
1405,5,3,85,-1,170
1406,5,3,86,-1,172
1407,5,3,87,-1,174
1408,5,3,88,-1,176
1409,5,3,89,-1,178
1410,5,3,90,-1,180
1411,5,3,91,-1,182
1412,5,3,92,-1,184
1413,5,3,93,-1,186
1414,5,3,94,-1,188
1415,5,3,95,-1,190
1416,5,3,96,-1,192
1417,5,3,97,-1,194
1418,5,3,98,-1,196
1419,5,3,99,-1,198
1420,5,3,100,-1,200
1421,6,1,-1,-1,1
1422,6,2,-1,-1,2
1423,6,3,-1,-1,3
1424,6,4,-1,-1,4
1425,6,5,-1,-1,5
1426,6,6,-1,-1,6
1427,6,7,-1,-1,7
1428,6,8,-1,-1,8
1429,6,9,-1,-1,9
1430,6,10,-1,-1,10
1431,6,11,-1,-1,11
1432,6,12,-1,-1,12
1433,6,13,-1,-1,13
1434,6,14,-1,-1,14
1435,6,15,-1,-1,15
1436,6,16,-1,-1,16
1437,6,17,-1,-1,17
1438,6,18,-1,-1,18
1439,6,19,-1,-1,19
1440,6,20,-1,-1,20
1441,6,21,-1,-1,21
1442,6,22,-1,-1,22
1443,6,23,-1,-1,23
1444,6,24,-1,-1,24
1445,6,25,-1,-1,25
1446,6,26,-1,-1,26
1447,6,27,-1,-1,27
1448,6,28,-1,-1,28
1449,6,29,-1,-1,29
1450,6,30,-1,-1,30
1451,6,31,-1,-1,31
1452,6,32,-1,-1,32
1453,6,33,-1,-1,33
1454,6,34,-1,-1,34
1455,6,35,-1,-1,35
1456,6,36,-1,-1,36
1457,6,37,-1,-1,37
1458,6,38,-1,-1,38
1459,6,39,-1,-1,39
1460,6,40,-1,-1,40
1461,7,10,-1,-1,0
1462,7,11,-1,-1,1
1463,7,12,-1,-1,2
1464,7,13,-1,-1,3
1465,7,14,-1,-1,4
1466,7,15,-1,-1,5
1467,7,16,-1,-1,6
1468,7,17,-1,-1,7
1469,7,18,-1,-1,8
1470,7,19,-1,-1,9
1471,7,21,-1,-1,11
1472,7,22,-1,-1,12
1473,7,23,-1,-1,13
1474,7,24,-1,-1,14
1475,7,25,-1,-1,15
1476,7,26,-1,-1,16
1477,7,27,-1,-1,17
1478,7,28,-1,-1,18
1479,7,29,-1,-1,19
1480,7,31,-1,-1,21
1481,7,32,-1,-1,22
1482,7,33,-1,-1,23
1483,7,34,-1,-1,24
1484,7,35,-1,-1,25
1485,7,36,-1,-1,26
1486,7,37,-1,-1,27
1487,7,38,-1,-1,28
1488,7,39,-1,-1,29
1489,7,41,-1,-1,31
1490,7,42,-1,-1,32
1491,7,43,-1,-1,33
1492,7,44,-1,-1,34
1493,7,45,-1,-1,35
1494,7,46,-1,-1,36
1495,7,47,-1,-1,37
1496,7,48,-1,-1,38
1497,7,49,-1,-1,39
1498,7,51,-1,-1,41
1499,7,52,-1,-1,42
1500,7,53,-1,-1,43
1501,7,54,-1,-1,44
1502,7,55,-1,-1,45
1503,7,56,-1,-1,46
1504,7,57,-1,-1,47
1505,7,58,-1,-1,48
1506,7,59,-1,-1,49
1507,7,61,-1,-1,51
1508,7,62,-1,-1,52
1509,7,63,-1,-1,53
1510,7,64,-1,-1,54
1511,7,65,-1,-1,55
1512,7,66,-1,-1,56
1513,7,67,-1,-1,57
1514,7,68,-1,-1,58
1515,7,69,-1,-1,59
1516,7,71,-1,-1,61
1517,7,72,-1,-1,62
1518,7,73,-1,-1,63
1519,7,74,-1,-1,64
1520,7,75,-1,-1,65
1521,7,76,-1,-1,66
1522,7,77,-1,-1,67
1523,7,78,-1,-1,68
1524,7,79,-1,-1,69
1525,7,81,-1,-1,71
1526,7,82,-1,-1,72
1527,7,83,-1,-1,73
1528,7,84,-1,-1,74
1529,7,85,-1,-1,75
1530,7,86,-1,-1,76
1531,7,87,-1,-1,77
1532,7,88,-1,-1,78
1533,7,89,-1,-1,79
1534,7,91,-1,-1,81
1535,7,92,-1,-1,82
1536,7,93,-1,-1,83
1537,7,94,-1,-1,84
1538,7,95,-1,-1,85
1539,7,96,-1,-1,86
1540,7,97,-1,-1,87
1541,7,98,-1,-1,88
1542,7,99,-1,-1,89
1543,7,101,-1,-1,91
1544,7,102,-1,-1,92
1545,7,103,-1,-1,93
1546,7,104,-1,-1,94
1547,7,105,-1,-1,95
1548,7,106,-1,-1,96
1549,7,107,-1,-1,97
1550,7,108,-1,-1,98
1551,7,109,-1,-1,99
1552,7,111,-1,-1,101
1553,7,112,-1,-1,102
1554,7,113,-1,-1,103
1555,7,114,-1,-1,104
1556,7,115,-1,-1,105
1557,7,116,-1,-1,106
1558,7,117,-1,-1,107
1559,7,118,-1,-1,108
1560,7,119,-1,-1,109
1561,7,121,-1,-1,111
1562,7,122,-1,-1,112
1563,7,123,-1,-1,113
1564,7,124,-1,-1,114
1565,7,125,-1,-1,115
1566,7,126,-1,-1,116
1567,7,127,-1,-1,117
1568,7,128,-1,-1,118
1569,7,129,-1,-1,119
1570,7,131,-1,-1,120
1571,7,132,-1,-1,121
1572,7,133,-1,-1,122
1573,7,134,-1,-1,123
1574,7,135,-1,-1,124
1575,7,136,-1,-1,125
1576,7,137,-1,-1,126
1577,7,138,-1,-1,127
1578,7,139,-1,-1,128
1579,7,141,-1,-1,129
1580,7,142,-1,-1,130
1581,7,143,-1,-1,131
1582,7,144,-1,-1,132
1583,7,145,-1,-1,133
1584,7,146,-1,-1,134
1585,7,147,-1,-1,135
1586,7,148,-1,-1,136
1587,7,149,-1,-1,137
1588,7,151,-1,-1,138
1589,7,152,-1,-1,139
1590,7,153,-1,-1,140
1591,7,154,-1,-1,141
1592,7,155,-1,-1,142
1593,7,156,-1,-1,143
1594,7,157,-1,-1,144
1595,7,158,-1,-1,145
1596,7,159,-1,-1,146
1597,8,6,8,-1,25000
1598,8,6,7,-1,21875
1599,8,6,6,-1,18750
1600,8,6,5,-1,15625
1601,8,6,4,-1,12500
1602,8,6,3,-1,9375
1603,8,6,2,-1,6250
1604,8,6,1,-1,3125
1605,8,5,8,-1,5000
1606,8,5,7,-1,4375
1607,8,5,6,-1,3750
1608,8,5,5,-1,3125
1609,8,5,4,-1,2500
1610,8,5,3,-1,1875
1611,8,5,2,-1,1250
1612,8,5,1,-1,625
1613,8,4,8,-1,1000
1614,8,4,7,-1,875
1615,8,4,6,-1,750
1616,8,4,5,-1,625
1617,8,4,4,-1,500
1618,8,4,3,-1,375
1619,8,4,2,-1,250
1620,8,4,1,-1,125
1621,8,3,8,-1,200
1622,8,3,7,-1,175
1623,8,3,6,-1,150
1624,8,3,5,-1,125
1625,8,3,4,-1,100
1626,8,3,3,-1,75
1627,8,3,2,-1,50
1628,8,3,1,-1,25
1629,8,2,8,-1,40
1630,8,2,7,-1,35
1631,8,2,6,-1,30
1632,8,2,5,-1,25
1633,8,2,4,-1,20
1634,8,2,3,-1,15
1635,8,2,2,-1,10
1636,8,2,1,-1,5
1637,8,1,8,-1,8
1638,8,1,7,-1,7
1639,8,1,6,-1,6
1640,8,1,5,-1,5
1641,8,1,4,-1,4
1642,8,1,3,-1,3
1643,8,1,2,-1,2
1644,8,1,1,-1,1
1645,9,1,-1,-1,1
1646,9,2,-1,-1,2
1647,9,3,-1,-1,3
1648,9,4,-1,-1,4
1649,9,5,-1,-1,5
1650,9,6,-1,-1,6
1651,9,7,-1,-1,7
1652,9,8,-1,-1,8
1653,9,9,-1,-1,9
1654,9,10,-1,-1,10
1655,9,11,-1,-1,11
1656,9,12,-1,-1,12
1657,9,13,-1,-1,13
1658,9,14,-1,-1,14
1659,9,15,-1,-1,15
1660,9,16,-1,-1,16
1661,9,17,-1,-1,17
1662,9,18,-1,-1,18
1663,9,19,-1,-1,19
1664,9,20,-1,-1,20
1665,9,21,-1,-1,21
1666,9,22,-1,-1,22
1667,9,23,-1,-1,23
1668,9,24,-1,-1,24
1669,9,25,-1,-1,25
1670,9,26,-1,-1,26
1671,9,27,-1,-1,27
1672,9,28,-1,-1,28
1673,9,29,-1,-1,29
1674,9,30,-1,-1,30
1675,9,31,-1,-1,31
1676,9,32,-1,-1,32
1677,9,33,-1,-1,33
1678,9,34,-1,-1,34
1679,9,35,-1,-1,35
1680,9,36,-1,-1,36
1681,9,37,-1,-1,37
1682,9,38,-1,-1,38
1683,9,39,-1,-1,39
1684,9,40,-1,-1,40
1685,9,41,-1,-1,41
1686,9,42,-1,-1,42
1687,9,43,-1,-1,43
1688,9,44,-1,-1,44
1689,9,45,-1,-1,45
1690,9,46,-1,-1,46
1691,9,47,-1,-1,47
1692,9,48,-1,-1,48
1693,9,49,-1,-1,49
1694,9,50,-1,-1,50
1695,9,51,-1,-1,51
1696,9,52,-1,-1,52
1697,9,53,-1,-1,53
1698,9,54,-1,-1,54
1699,9,55,-1,-1,55
1700,9,56,-1,-1,56
1701,9,57,-1,-1,57
1702,9,58,-1,-1,58
1703,9,59,-1,-1,59
1704,9,60,-1,-1,60
1705,9,61,-1,-1,61
1706,9,62,-1,-1,62
1707,9,63,-1,-1,63
1708,9,64,-1,-1,64
1709,9,65,-1,-1,65
1710,9,66,-1,-1,66
1711,9,67,-1,-1,67
1712,9,68,-1,-1,68
1713,9,69,-1,-1,69
1714,9,70,-1,-1,70
1715,9,71,-1,-1,71
1716,9,72,-1,-1,72
1717,9,73,-1,-1,73
1718,9,74,-1,-1,74
1719,9,75,-1,-1,75
1720,9,76,-1,-1,76
1721,9,77,-1,-1,77
1722,9,78,-1,-1,78
1723,9,79,-1,-1,79
1724,9,80,-1,-1,80
1725,9,81,-1,-1,81
1726,9,82,-1,-1,82
1727,9,83,-1,-1,83
1728,9,84,-1,-1,84
1729,9,85,-1,-1,85
1730,9,86,-1,-1,86
1731,9,87,-1,-1,87
1732,9,88,-1,-1,88
1733,9,89,-1,-1,89
1734,9,90,-1,-1,90
1735,9,91,-1,-1,91
1736,9,92,-1,-1,92
1737,9,93,-1,-1,93
1738,9,94,-1,-1,94
1739,9,95,-1,-1,95
1740,9,96,-1,-1,96
1741,9,97,-1,-1,97
1742,9,98,-1,-1,98
1743,9,99,-1,-1,99
1744,9,100,-1,-1,100
1745,9,101,-1,-1,101
1746,9,102,-1,-1,102
1747,9,103,-1,-1,103
1748,9,104,-1,-1,104
1749,9,105,-1,-1,105
1750,9,106,-1,-1,106
1751,9,107,-1,-1,107
1752,9,108,-1,-1,108
1753,9,109,-1,-1,109
1754,9,110,-1,-1,110
1755,9,111,-1,-1,111
1756,9,112,-1,-1,112
1757,9,113,-1,-1,113
1758,9,114,-1,-1,114
1759,9,115,-1,-1,115
1760,9,116,-1,-1,116
1761,9,117,-1,-1,117
1762,9,118,-1,-1,118
1763,9,119,-1,-1,119
1764,9,120,-1,-1,120
1765,9,121,-1,-1,121
1766,9,122,-1,-1,122
1767,9,123,-1,-1,123
1768,9,124,-1,-1,124
1769,9,125,-1,-1,125
1770,9,126,-1,-1,126
1771,9,127,-1,-1,127
1772,9,128,-1,-1,128
1773,9,129,-1,-1,129
1774,9,130,-1,-1,130
1775,9,131,-1,-1,131
1776,9,132,-1,-1,132
1777,9,133,-1,-1,133
1778,9,134,-1,-1,134
1779,9,135,-1,-1,135
1780,9,136,-1,-1,136
1781,9,137,-1,-1,137
1782,9,138,-1,-1,138
1783,9,139,-1,-1,139
1784,9,140,-1,-1,140
1785,9,141,-1,-1,141
1786,9,142,-1,-1,142
1787,9,143,-1,-1,143
1788,9,144,-1,-1,144
1789,9,145,-1,-1,145
1790,9,146,-1,-1,146
1791,9,147,-1,-1,147
1792,9,148,-1,-1,148
1793,9,149,-1,-1,149
1794,9,150,-1,-1,150
1795,9,151,-1,-1,151
1796,9,152,-1,-1,152
1797,9,153,-1,-1,153
1798,9,154,-1,-1,154
1799,9,155,-1,-1,155
1800,9,156,-1,-1,156
1801,9,157,-1,-1,157
1802,9,158,-1,-1,158
1803,9,159,-1,-1,159
1804,9,160,-1,-1,160
1805,9,161,-1,-1,161
1806,9,162,-1,-1,162
1807,9,163,-1,-1,163
1808,9,164,-1,-1,164
1809,9,165,-1,-1,165
1810,9,166,-1,-1,166
1811,9,167,-1,-1,167
1812,9,168,-1,-1,168
1813,9,169,-1,-1,169
1814,9,170,-1,-1,170
1815,9,171,-1,-1,171
1816,9,172,-1,-1,172
1817,9,173,-1,-1,173
1818,9,174,-1,-1,174
1819,9,175,-1,-1,175
1820,9,176,-1,-1,176
1821,9,177,-1,-1,177
1822,9,178,-1,-1,178
1823,9,179,-1,-1,179
1824,9,180,-1,-1,180
1825,9,181,-1,-1,181
1826,9,182,-1,-1,182
1827,9,183,-1,-1,183
1828,9,184,-1,-1,184
1829,9,185,-1,-1,185
1830,9,186,-1,-1,186
1831,9,187,-1,-1,187
1832,9,188,-1,-1,188
1833,9,189,-1,-1,189
1834,9,190,-1,-1,190
1835,9,191,-1,-1,191
1836,9,192,-1,-1,192
1837,9,193,-1,-1,193
1838,9,194,-1,-1,194
1839,9,195,-1,-1,195
1840,9,196,-1,-1,196
1841,9,197,-1,-1,197
1842,9,198,-1,-1,198
1843,9,199,-1,-1,199
1844,9,200,-1,-1,200
1845,10,1,-1,-1,1
1846,10,2,-1,-1,2
1847,10,3,-1,-1,3
1848,10,4,-1,-1,4
1849,10,5,-1,-1,5
1850,10,6,-1,-1,6
1851,10,7,-1,-1,7
1852,10,8,-1,-1,8
1853,10,9,-1,-1,9
1854,10,10,-1,-1,10
1855,10,11,-1,-1,11
1856,10,12,-1,-1,12
1857,10,13,-1,-1,13
1858,10,14,-1,-1,14
1859,10,15,-1,-1,15
1860,10,16,-1,-1,16
1861,10,17,-1,-1,17
1862,10,18,-1,-1,18
1863,10,19,-1,-1,19
1864,10,20,-1,-1,20
1865,10,21,-1,-1,21
1866,10,22,-1,-1,22
1867,10,23,-1,-1,23
1868,10,24,-1,-1,24
1869,10,25,-1,-1,25
1870,10,26,-1,-1,26
1871,10,27,-1,-1,27
1872,10,28,-1,-1,28
1873,10,29,-1,-1,29
1874,10,30,-1,-1,30
1875,10,31,-1,-1,31
1876,10,32,-1,-1,32
1877,10,33,-1,-1,33
1878,10,34,-1,-1,34
1879,10,35,-1,-1,35
1880,10,36,-1,-1,36
1881,10,37,-1,-1,37
1882,10,38,-1,-1,38
1883,10,39,-1,-1,39
1884,10,40,-1,-1,40
1885,10,41,-1,-1,41
1886,10,42,-1,-1,42
1887,11,101,-1,-1,1
1888,11,102,-1,-1,2
1889,11,103,-1,-1,3
1890,11,104,-1,-1,4
1891,11,105,-1,-1,5
1892,11,106,-1,-1,6
1893,11,107,-1,-1,7
1894,11,108,-1,-1,8
1895,11,109,-1,-1,9
1896,11,110,-1,-1,10
1897,11,111,-1,-1,11
1898,11,112,-1,-1,12
1899,11,113,-1,-1,13
1900,11,114,-1,-1,14
1901,11,115,-1,-1,15
1902,11,116,-1,-1,16
1903,11,117,-1,-1,17
1904,11,118,-1,-1,18
1905,11,119,-1,-1,19
1906,11,120,-1,-1,20
1907,11,201,-1,-1,21
1908,11,202,-1,-1,22
1909,11,203,-1,-1,23
1910,11,204,-1,-1,24
1911,11,205,-1,-1,25
1912,11,206,-1,-1,26
1913,11,207,-1,-1,27
1914,11,208,-1,-1,28
1915,11,209,-1,-1,29
1916,11,210,-1,-1,30
1917,11,211,-1,-1,31
1918,11,212,-1,-1,32
1919,11,213,-1,-1,33
1920,11,214,-1,-1,34
1921,11,215,-1,-1,35
1922,11,216,-1,-1,36
1923,11,217,-1,-1,37
1924,11,218,-1,-1,38
1925,11,219,-1,-1,39
1926,11,220,-1,-1,40
1927,11,301,-1,-1,41
1928,11,302,-1,-1,42
1929,11,303,-1,-1,43
1930,11,304,-1,-1,44
1931,11,305,-1,-1,45
1932,11,306,-1,-1,46
1933,11,307,-1,-1,47
1934,11,308,-1,-1,48
1935,11,309,-1,-1,49
1936,11,310,-1,-1,50
1937,11,311,-1,-1,51
1938,11,312,-1,-1,52
1939,11,313,-1,-1,53
1940,11,314,-1,-1,54
1941,11,315,-1,-1,55
1942,11,316,-1,-1,56
1943,11,317,-1,-1,57
1944,11,318,-1,-1,58
1945,11,319,-1,-1,59
1946,11,320,-1,-1,60
1947,11,321,-1,-1,61
1948,11,322,-1,-1,62
1949,11,323,-1,-1,63
1950,11,324,-1,-1,64
1951,11,325,-1,-1,65
1952,11,326,-1,-1,66
1953,11,327,-1,-1,67
1954,11,328,-1,-1,68
1955,11,329,-1,-1,69
1956,11,330,-1,-1,70
1957,11,401,-1,-1,71
1958,11,402,-1,-1,72
1959,11,403,-1,-1,73
1960,11,404,-1,-1,74
1961,11,405,-1,-1,75
1962,11,406,-1,-1,76
1963,11,407,-1,-1,77
1964,11,408,-1,-1,78
1965,11,409,-1,-1,79
1966,11,410,-1,-1,80
1967,11,411,-1,-1,81
1968,11,412,-1,-1,82
1969,11,413,-1,-1,83
1970,11,414,-1,-1,84
1971,11,415,-1,-1,85
1972,11,416,-1,-1,86
1973,11,417,-1,-1,87
1974,11,418,-1,-1,88
1975,11,419,-1,-1,89
1976,11,420,-1,-1,90
1977,11,421,-1,-1,91
1978,11,422,-1,-1,92
1979,11,423,-1,-1,93
1980,11,424,-1,-1,94
1981,11,425,-1,-1,95
1982,11,426,-1,-1,96
1983,11,427,-1,-1,97
1984,11,428,-1,-1,98
1985,11,429,-1,-1,99
1986,11,430,-1,-1,100
1987,11,501,-1,-1,101
1988,11,502,-1,-1,102
1989,11,503,-1,-1,103
1990,11,504,-1,-1,104
1991,11,505,-1,-1,105
1992,11,506,-1,-1,106
1993,11,507,-1,-1,107
1994,11,508,-1,-1,108
1995,11,509,-1,-1,109
1996,11,510,-1,-1,110
1997,11,511,-1,-1,111
1998,11,512,-1,-1,112
1999,11,513,-1,-1,113
2000,11,514,-1,-1,114
2001,11,515,-1,-1,115
2002,11,516,-1,-1,116
2003,11,517,-1,-1,117
2004,11,518,-1,-1,118
2005,11,519,-1,-1,119
2006,11,520,-1,-1,120
2007,11,521,-1,-1,121
2008,11,522,-1,-1,122
2009,11,523,-1,-1,123
2010,11,524,-1,-1,124
2011,11,525,-1,-1,125
2012,11,526,-1,-1,126
2013,11,527,-1,-1,127
2014,11,528,-1,-1,128
2015,11,529,-1,-1,129
2016,11,530,-1,-1,130
2017,11,601,-1,-1,131
2018,11,602,-1,-1,132
2019,11,603,-1,-1,133
2020,11,604,-1,-1,134
2021,11,605,-1,-1,135
2022,11,606,-1,-1,136
2023,11,607,-1,-1,137
2024,11,608,-1,-1,138
2025,11,609,-1,-1,139
2026,11,610,-1,-1,140
2027,11,611,-1,-1,141
2028,11,612,-1,-1,142
2029,11,613,-1,-1,143
2030,11,614,-1,-1,144
2031,11,615,-1,-1,145
2032,11,616,-1,-1,146
2033,11,617,-1,-1,147
2034,11,618,-1,-1,148
2035,11,619,-1,-1,149
2036,11,620,-1,-1,150
2037,11,621,-1,-1,151
2038,11,622,-1,-1,152
2039,11,623,-1,-1,153
2040,11,624,-1,-1,154
2041,11,625,-1,-1,155
2042,11,626,-1,-1,156
2043,11,627,-1,-1,157
2044,11,628,-1,-1,158
2045,11,629,-1,-1,159
2046,11,630,-1,-1,160
2047,11,701,-1,-1,161
2048,11,702,-1,-1,162
2049,11,703,-1,-1,163
2050,11,704,-1,-1,164
2051,11,705,-1,-1,165
2052,11,706,-1,-1,166
2053,11,707,-1,-1,167
2054,11,708,-1,-1,168
2055,11,709,-1,-1,169
2056,11,710,-1,-1,170
2057,11,711,-1,-1,171
2058,11,712,-1,-1,172
2059,11,713,-1,-1,173
2060,11,714,-1,-1,174
2061,11,715,-1,-1,175
2062,11,716,-1,-1,176
2063,11,717,-1,-1,177
2064,11,718,-1,-1,178
2065,11,719,-1,-1,179
2066,11,720,-1,-1,180
2067,11,721,-1,-1,181
2068,11,722,-1,-1,182
2069,11,723,-1,-1,183
2070,11,724,-1,-1,184
2071,11,725,-1,-1,185
2072,11,726,-1,-1,186
2073,11,727,-1,-1,187
2074,11,728,-1,-1,188
2075,11,729,-1,-1,189
2076,11,730,-1,-1,190
2077,11,801,-1,-1,191
2078,11,802,-1,-1,192
2079,11,803,-1,-1,193
2080,11,804,-1,-1,194
2081,11,805,-1,-1,195
2082,11,806,-1,-1,196
2083,11,807,-1,-1,197
2084,11,808,-1,-1,198
2085,11,809,-1,-1,199
2086,11,810,-1,-1,200
2087,11,811,-1,-1,201
2088,11,812,-1,-1,202
2089,11,813,-1,-1,203
2090,11,814,-1,-1,204
2091,11,815,-1,-1,205
2092,11,816,-1,-1,206
2093,11,817,-1,-1,207
2094,11,818,-1,-1,208
2095,11,819,-1,-1,209
2096,11,820,-1,-1,210
2097,11,821,-1,-1,211
2098,11,822,-1,-1,212
2099,11,823,-1,-1,213
2100,11,824,-1,-1,214
2101,11,825,-1,-1,215
2102,11,826,-1,-1,216
2103,11,827,-1,-1,217
2104,11,828,-1,-1,218
2105,11,829,-1,-1,219
2106,11,830,-1,-1,220
2107,11,901,-1,-1,221
2108,11,902,-1,-1,222
2109,11,903,-1,-1,223
2110,11,904,-1,-1,224
2111,11,905,-1,-1,225
2112,11,906,-1,-1,226
2113,11,907,-1,-1,227
2114,11,908,-1,-1,228
2115,11,909,-1,-1,229
2116,11,910,-1,-1,230
2117,11,911,-1,-1,231
2118,11,912,-1,-1,232
2119,11,913,-1,-1,233
2120,11,914,-1,-1,234
2121,11,915,-1,-1,235
2122,11,916,-1,-1,236
2123,11,917,-1,-1,237
2124,11,918,-1,-1,238
2125,11,919,-1,-1,239
2126,11,920,-1,-1,240
2127,11,921,-1,-1,241
2128,11,922,-1,-1,242
2129,11,923,-1,-1,243
2130,11,924,-1,-1,244
2131,11,925,-1,-1,245
2132,11,926,-1,-1,246
2133,11,927,-1,-1,247
2134,11,928,-1,-1,248
2135,11,929,-1,-1,249
2136,11,930,-1,-1,250
2137,11,1001,-1,-1,251
2138,11,1002,-1,-1,252
2139,11,1003,-1,-1,253
2140,11,1004,-1,-1,254
2141,11,1005,-1,-1,255
2142,11,1006,-1,-1,256
2143,11,1007,-1,-1,257
2144,11,1008,-1,-1,258
2145,11,1009,-1,-1,259
2146,11,1010,-1,-1,260
2147,11,1011,-1,-1,261
2148,11,1012,-1,-1,262
2149,11,1013,-1,-1,263
2150,11,1014,-1,-1,264
2151,11,1015,-1,-1,265
2152,11,1016,-1,-1,266
2153,11,1017,-1,-1,267
2154,11,1018,-1,-1,268
2155,11,1019,-1,-1,269
2156,11,1020,-1,-1,270
2157,11,1021,-1,-1,271
2158,11,1022,-1,-1,272
2159,11,1023,-1,-1,273
2160,11,1024,-1,-1,274
2161,11,1025,-1,-1,275
2162,11,1026,-1,-1,276
2163,11,1027,-1,-1,277
2164,11,1028,-1,-1,278
2165,11,1029,-1,-1,279
2166,11,1030,-1,-1,280
2167,12,101,-1,-1,1
2168,12,102,-1,-1,2
2169,12,103,-1,-1,3
2170,12,104,-1,-1,4
2171,12,105,-1,-1,5
2172,12,106,-1,-1,6
2173,12,107,-1,-1,7
2174,12,108,-1,-1,8
2175,12,109,-1,-1,9
2176,12,200,-1,-1,10
2177,12,201,-1,-1,11
2178,12,202,-1,-1,12
2179,12,203,-1,-1,13
2180,12,204,-1,-1,14
2181,12,205,-1,-1,15
2182,12,206,-1,-1,16
2183,12,207,-1,-1,17
2184,12,208,-1,-1,18
2185,12,209,-1,-1,19
2186,12,300,-1,-1,20
2187,12,301,-1,-1,21
2188,12,302,-1,-1,22
2189,12,303,-1,-1,23
2190,12,304,-1,-1,24
2191,12,305,-1,-1,25
2192,12,306,-1,-1,26
2193,12,307,-1,-1,27
2194,12,308,-1,-1,28
2195,12,309,-1,-1,29
2196,12,400,-1,-1,30
2197,12,401,-1,-1,31
2198,12,402,-1,-1,32
2199,12,403,-1,-1,33
2200,12,404,-1,-1,34
2201,12,405,-1,-1,35
2202,12,406,-1,-1,36
2203,12,407,-1,-1,37
2204,12,408,-1,-1,38
2205,12,409,-1,-1,39
2206,12,500,-1,-1,40
2207,12,501,-1,-1,41
2208,12,502,-1,-1,42
2209,12,503,-1,-1,43
2210,12,504,-1,-1,44
2211,12,505,-1,-1,45
2212,12,506,-1,-1,46
2213,12,507,-1,-1,47
2214,12,508,-1,-1,48
2215,12,509,-1,-1,49
2216,12,600,-1,-1,50
2217,12,601,-1,-1,51
2218,12,602,-1,-1,52
2219,12,603,-1,-1,53
2220,12,604,-1,-1,54
2221,12,605,-1,-1,55
2222,12,606,-1,-1,56
2223,12,607,-1,-1,57
2224,12,608,-1,-1,58
2225,12,609,-1,-1,59
2226,12,700,-1,-1,60
2227,12,701,-1,-1,61
2228,12,702,-1,-1,62
2229,12,703,-1,-1,63
2230,12,704,-1,-1,64
2231,12,705,-1,-1,65
2232,12,706,-1,-1,66
2233,12,707,-1,-1,67
2234,12,708,-1,-1,68
2235,12,709,-1,-1,69
2236,12,710,-1,-1,70
2237,13,101,-1,-1,1
2238,13,102,-1,-1,2
2239,13,103,-1,-1,3
2240,13,104,-1,-1,4
2241,13,105,-1,-1,5
2242,13,106,-1,-1,6
2243,13,107,-1,-1,7
2244,13,108,-1,-1,8
2245,13,109,-1,-1,9
2246,13,200,-1,-1,10
2247,13,201,-1,-1,11
2248,13,202,-1,-1,12
2249,13,203,-1,-1,13
2250,13,204,-1,-1,14
2251,13,205,-1,-1,15
2252,13,206,-1,-1,16
2253,13,207,-1,-1,17
2254,13,208,-1,-1,18
2255,13,209,-1,-1,19
2256,13,210,-1,-1,20
2257,14,101,-1,-1,1
2258,14,102,-1,-1,2
2259,14,103,-1,-1,3
2260,14,104,-1,-1,4
2261,14,105,-1,-1,5
2262,14,106,-1,-1,6
2263,14,107,-1,-1,7
2264,14,108,-1,-1,8
2265,14,109,-1,-1,9
2266,14,200,-1,-1,10
2267,14,201,-1,-1,11
2268,14,202,-1,-1,12
2269,14,203,-1,-1,13
2270,14,204,-1,-1,14
2271,14,205,-1,-1,15
2272,14,206,-1,-1,16
2273,14,207,-1,-1,17
2274,14,208,-1,-1,18
2275,14,209,-1,-1,19
2276,14,300,-1,-1,20
2277,14,301,-1,-1,21
2278,14,302,-1,-1,22
2279,14,303,-1,-1,23
2280,14,304,-1,-1,24
2281,14,305,-1,-1,25
2282,14,306,-1,-1,26
2283,14,307,-1,-1,27
2284,14,308,-1,-1,28
2285,14,309,-1,-1,29
2286,14,400,-1,-1,30
2287,14,401,-1,-1,31
2288,14,402,-1,-1,32
2289,14,403,-1,-1,33
2290,14,404,-1,-1,34
2291,14,405,-1,-1,35
2292,14,406,-1,-1,36
2293,14,407,-1,-1,37
2294,14,408,-1,-1,38
2295,14,409,-1,-1,39
2296,14,500,-1,-1,40
2297,14,501,-1,-1,41
2298,14,502,-1,-1,42
2299,14,503,-1,-1,43
2300,14,504,-1,-1,44
2301,14,505,-1,-1,45
2302,14,506,-1,-1,46
2303,14,507,-1,-1,47
2304,14,508,-1,-1,48
2305,14,509,-1,-1,49
2306,14,600,-1,-1,50
2307,14,601,-1,-1,51
2308,14,602,-1,-1,52
2309,14,603,-1,-1,53
2310,14,604,-1,-1,54
2311,14,605,-1,-1,55
2312,14,606,-1,-1,56
2313,14,607,-1,-1,57
2314,14,608,-1,-1,58
2315,14,609,-1,-1,59
2316,14,700,-1,-1,60
2317,14,701,-1,-1,61
2318,14,702,-1,-1,62
2319,14,703,-1,-1,63
2320,14,704,-1,-1,64
2321,14,705,-1,-1,65
2322,14,706,-1,-1,66
2323,14,707,-1,-1,67
2324,14,708,-1,-1,68
2325,14,709,-1,-1,69
2326,14,800,-1,-1,70
2327,14,801,-1,-1,71
2328,14,802,-1,-1,72
2329,14,803,-1,-1,73
2330,14,804,-1,-1,74
2331,14,805,-1,-1,75
2332,14,806,-1,-1,76
2333,14,807,-1,-1,77
2334,14,808,-1,-1,78
2335,14,809,-1,-1,79
2336,14,900,-1,-1,80
2337,14,901,-1,-1,81
2338,14,902,-1,-1,82
2339,14,903,-1,-1,83
2340,14,904,-1,-1,84
2341,14,905,-1,-1,85
2342,14,906,-1,-1,86
2343,14,907,-1,-1,87
2344,14,908,-1,-1,88
2345,14,909,-1,-1,89
2346,14,1000,-1,-1,90
2347,14,1001,-1,-1,91
2348,14,1002,-1,-1,92
2349,14,1003,-1,-1,93
2350,14,1004,-1,-1,94
2351,14,1005,-1,-1,95
2352,14,1006,-1,-1,96
2353,14,1007,-1,-1,97
2354,14,1008,-1,-1,98
2355,14,1009,-1,-1,99
2356,14,1010,-1,-1,100
2357,15,1,-1,-1,1
2358,15,2,-1,-1,3
2359,15,3,-1,-1,5
2360,15,4,-1,-1,7
2361,15,5,-1,-1,14
2362,15,6,-1,-1,21
2363,15,7,-1,-1,30
2364,15,8,-1,-1,39
2365,15,9,-1,-1,52
2366,15,10,-1,-1,68
2367,15,11,-1,-1,84
2368,15,12,-1,-1,102
2369,15,13,-1,-1,129
2370,15,14,-1,-1,160
2371,15,15,-1,-1,193
2372,15,16,-1,-1,230
2373,15,17,-1,-1,291
2374,15,18,-1,-1,364
2375,15,19,-1,-1,453
2376,15,20,-1,-1,553
2377,15,21,-1,-1,676
2378,15,22,-1,-1,821
2379,15,23,-1,-1,999
2380,15,24,-1,-1,1199
2381,15,25,-1,-1,1445
2382,15,26,-1,-1,1736
2383,15,27,-1,-1,2092
2384,15,28,-1,-1,2492
2385,15,29,-1,-1,3073
2386,15,30,-1,-1,3747
2387,15,31,-1,-1,4547
2388,15,32,-1,-1,5532
2389,16,1,-1,-1,1
2390,16,2,-1,-1,2
2391,16,3,-1,-1,3
2392,16,4,-1,-1,4
2393,16,5,-1,-1,5
2394,17,1,-1,-1,1
2395,17,2,-1,-1,2
2396,17,3,-1,-1,4
2397,17,4,-1,-1,8
2398,17,5,-1,-1,16
2399,17,6,-1,-1,32
2400,17,7,-1,-1,64
2401,17,8,-1,-1,128
2402,17,9,-1,-1,256
2403,18,1,1,-1,1
2404,18,1,2,-1,1
2405,18,2,1,-1,2
2406,18,2,2,-1,2
2407,18,3,1,-1,3
2408,18,3,2,-1,3
2409,18,4,1,-1,4
2410,18,4,2,-1,4
2411,18,5,1,-1,5
2412,18,5,2,-1,5
2413,18,6,1,-1,6
2414,18,6,2,-1,6
2415,19,1,1,-1,1
2416,19,1,2,-1,1
2417,19,2,1,-1,2
2418,19,2,2,-1,2
2419,19,3,1,-1,3
2420,19,3,2,-1,3
2421,19,4,1,-1,4
2422,19,4,2,-1,4
2423,19,5,1,-1,5
2424,19,5,2,-1,5
2425,19,6,1,-1,6
2426,19,6,2,-1,6
2427,20,1,1,-1,1
2428,20,1,2,-1,1
2429,20,2,1,-1,2
2430,20,2,2,-1,2
2431,20,3,1,-1,3
2432,20,3,2,-1,3
2433,20,4,1,-1,4
2434,20,4,2,-1,4
2435,20,5,1,-1,5
2436,20,5,2,-1,5
2437,20,6,1,-1,6
2438,20,6,2,-1,6
2439,21,1,1,1,1
2440,21,1,1,2,2
2441,21,1,1,3,3
2442,21,1,1,4,4
2443,21,1,1,5,5
2444,21,1,1,6,6
2445,21,1,1,7,7
2446,21,1,1,8,8
2447,21,1,1,9,9
2448,21,1,1,10,10
2449,21,1,1,11,11
2450,21,1,1,12,12
2451,21,1,1,13,13
2452,21,1,1,14,14
2453,21,1,1,15,15
2454,21,1,1,16,16
2455,21,1,1,17,17
2456,21,1,1,18,18
2457,21,1,1,19,19
2458,21,1,1,20,20
2459,21,1,2,1,2
2460,21,1,2,2,4
2461,21,1,2,3,6
2462,21,1,2,4,8
2463,21,1,2,5,10
2464,21,1,2,6,12
2465,21,1,2,7,14
2466,21,1,2,8,16
2467,21,1,2,9,18
2468,21,1,2,10,20
2469,21,1,2,11,22
2470,21,1,2,12,24
2471,21,1,2,13,26
2472,21,1,2,14,28
2473,21,1,2,15,30
2474,21,1,2,16,32
2475,21,1,2,17,34
2476,21,1,2,18,36
2477,21,1,2,19,38
2478,21,1,2,20,40
2479,21,1,3,1,4
2480,21,1,3,2,8
2481,21,1,3,3,12
2482,21,1,3,4,16
2483,21,1,3,5,20
2484,21,1,3,6,24
2485,21,1,3,7,28
2486,21,1,3,8,32
2487,21,1,3,9,36
2488,21,1,3,10,40
2489,21,1,3,11,44
2490,21,1,3,12,48
2491,21,1,3,13,52
2492,21,1,3,14,56
2493,21,1,3,15,60
2494,21,1,3,16,64
2495,21,1,3,17,68
2496,21,1,3,18,72
2497,21,1,3,19,76
2498,21,1,3,20,80
2499,21,1,4,1,8
2500,21,1,4,2,16
2501,21,1,4,3,24
2502,21,1,4,4,32
2503,21,1,4,5,40
2504,21,1,4,6,48
2505,21,1,4,7,56
2506,21,1,4,8,64
2507,21,1,4,9,72
2508,21,1,4,10,80
2509,21,1,4,11,88
2510,21,1,4,12,96
2511,21,1,4,13,104
2512,21,1,4,14,112
2513,21,1,4,15,120
2514,21,1,4,16,128
2515,21,1,4,17,136
2516,21,1,4,18,144
2517,21,1,4,19,152
2518,21,1,4,20,160
2519,21,1,5,1,16
2520,21,1,5,2,32
2521,21,1,5,3,48
2522,21,1,5,4,64
2523,21,1,5,5,80
2524,21,1,5,6,96
2525,21,1,5,7,112
2526,21,1,5,8,128
2527,21,1,5,9,144
2528,21,1,5,10,160
2529,21,1,5,11,176
2530,21,1,5,12,192
2531,21,1,5,13,208
2532,21,1,5,14,224
2533,21,1,5,15,240
2534,21,1,5,16,256
2535,21,1,5,17,272
2536,21,1,5,18,288
2537,21,1,5,19,304
2538,21,1,5,20,320
2539,21,1,6,1,32
2540,21,1,6,2,64
2541,21,1,6,3,96
2542,21,1,6,4,128
2543,21,1,6,5,160
2544,21,1,6,6,192
2545,21,1,6,7,224
2546,21,1,6,8,256
2547,21,1,6,9,288
2548,21,1,6,10,320
2549,21,1,6,11,352
2550,21,1,6,12,384
2551,21,1,6,13,416
2552,21,1,6,14,448
2553,21,1,6,15,480
2554,21,1,6,16,512
2555,21,1,6,17,544
2556,21,1,6,18,576
2557,21,1,6,19,608
2558,21,1,6,20,640
2559,21,2,6,1,64
2560,21,2,6,2,128
2561,21,2,6,3,192
2562,21,2,6,4,256
2563,21,2,6,5,320
2564,21,2,6,6,384
2565,21,2,6,7,448
2566,21,2,6,8,512
2567,21,2,6,9,576
2568,21,2,6,10,640
2569,21,2,6,11,704
2570,21,2,6,12,768
2571,21,2,6,13,832
2572,21,2,6,14,896
2573,21,2,6,15,960
2574,21,2,6,16,1024
2575,21,2,6,17,1088
2576,21,2,6,18,1152
2577,21,2,6,19,1216
2578,21,2,6,20,1280
2579,22,101,-1,-1,1
2580,22,102,-1,-1,2
2581,22,103,-1,-1,3
2582,22,201,-1,-1,4
2583,22,202,-1,-1,5
2584,22,203,-1,-1,6
2585,22,204,-1,-1,7
2586,22,205,-1,-1,8
2587,22,206,-1,-1,9
2588,22,207,-1,-1,10
2589,22,208,-1,-1,11
2590,22,209,-1,-1,12
2591,22,210,-1,-1,13
2592,22,301,-1,-1,14
2593,22,302,-1,-1,15
2594,22,303,-1,-1,16
2595,22,304,-1,-1,17
2596,22,305,-1,-1,18
2597,22,306,-1,-1,19
2598,22,307,-1,-1,20
2599,22,308,-1,-1,21
2600,22,309,-1,-1,22
2601,22,310,-1,-1,23
2602,22,401,-1,-1,24
2603,22,402,-1,-1,25
2604,22,403,-1,-1,26
2605,22,404,-1,-1,27
2606,22,405,-1,-1,28
2607,22,406,-1,-1,29
2608,22,407,-1,-1,30
2609,22,408,-1,-1,31
2610,22,409,-1,-1,32
2611,22,410,-1,-1,33
2612,22,501,-1,-1,34
2613,22,502,-1,-1,35
2614,22,503,-1,-1,36
2615,22,504,-1,-1,37
2616,22,505,-1,-1,38
2617,22,506,-1,-1,39
2618,22,507,-1,-1,40
2619,22,508,-1,-1,41
2620,22,509,-1,-1,42
2621,22,510,-1,-1,43
2622,22,601,-1,-1,44
2623,22,602,-1,-1,45
2624,22,603,-1,-1,46
2625,22,604,-1,-1,47
2626,22,605,-1,-1,48
2627,22,606,-1,-1,49
2628,22,607,-1,-1,50
2629,22,608,-1,-1,51
2630,22,609,-1,-1,52
2631,22,610,-1,-1,53
2632,22,701,-1,-1,54
2633,22,702,-1,-1,55
2634,22,703,-1,-1,56
2635,22,704,-1,-1,57
2636,22,705,-1,-1,58
2637,22,706,-1,-1,59
2638,22,707,-1,-1,60
2639,22,708,-1,-1,61
2640,22,709,-1,-1,62
2641,22,710,-1,-1,63
2642,22,801,-1,-1,64
2643,22,802,-1,-1,65
2644,22,803,-1,-1,66
2645,22,804,-1,-1,67
2646,22,805,-1,-1,68
2647,22,806,-1,-1,69
2648,22,807,-1,-1,70
2649,22,808,-1,-1,71
2650,22,809,-1,-1,72
2651,22,810,-1,-1,73
2652,22,901,-1,-1,74
2653,22,902,-1,-1,75
2654,22,903,-1,-1,76
2655,22,904,-1,-1,77
2656,22,905,-1,-1,78
2657,22,906,-1,-1,79
2658,22,907,-1,-1,80
2659,22,908,-1,-1,81
2660,22,909,-1,-1,82
2661,22,910,-1,-1,83
2662,22,1001,-1,-1,84
2663,22,1002,-1,-1,85
2664,22,1003,-1,-1,86
2665,22,1004,-1,-1,87
2666,22,1005,-1,-1,88
2667,22,1006,-1,-1,89
2668,22,1007,-1,-1,90
2669,22,1008,-1,-1,91
2670,22,1009,-1,-1,92
2671,22,1010,-1,-1,93
2672,25,30,1,-1,1
2673,25,30,2,-1,1
2674,25,40,1,-1,2
2675,25,40,2,-1,2
2676,25,1050,1,-1,3
2677,25,1050,2,-1,3
2678,25,3060,1,-1,4
2679,25,3060,2,-1,4
2680,25,5070,1,-1,5
2681,25,5070,2,-1,5
2682,25,7080,1,-1,6
2683,25,7080,2,-1,6
2684,25,9090,1,-1,7
2685,25,9090,2,-1,7
2686,25,11100,1,-1,8
2687,25,11100,2,-1,8
2688,26,1,-1,-1,1
2689,26,2,-1,-1,2
2690,26,3,-1,-1,3
2691,26,4,-1,-1,4
2692,26,5,-1,-1,5
2693,26,6,-1,-1,6
2694,26,7,-1,-1,7
2695,26,8,-1,-1,8
2696,26,9,-1,-1,9
2697,26,10,-1,-1,10
2698,26,11,-1,-1,11
2699,26,12,-1,-1,12
2700,26,13,-1,-1,13
2701,26,14,-1,-1,14
2702,26,15,-1,-1,15
2703,26,16,-1,-1,16
2704,26,17,-1,-1,17
2705,26,18,-1,-1,18
2706,26,19,-1,-1,19
2707,26,20,-1,-1,20
2708,26,21,-1,-1,21
2709,26,22,-1,-1,22
2710,26,23,-1,-1,23
2711,26,24,-1,-1,24
2712,26,25,-1,-1,25
2713,26,26,-1,-1,26
2714,26,27,-1,-1,27
2715,26,28,-1,-1,28
2716,26,29,-1,-1,29
2717,26,30,-1,-1,30
2718,26,31,-1,-1,31
2719,26,32,-1,-1,32
2720,28,1,-1,-1,1
2721,28,2,-1,-1,2
2722,28,3,-1,-1,3
2723,28,4,-1,-1,4
2724,28,5,-1,-1,5
2725,28,6,-1,-1,6
2726,28,7,-1,-1,7
2727,28,8,-1,-1,8
2728,28,9,-1,-1,9
2729,28,10,-1,-1,10
2730,28,11,-1,-1,11
2731,28,12,-1,-1,12
2732,28,13,-1,-1,13
2733,28,14,-1,-1,14
2734,28,15,-1,-1,15
2735,28,16,-1,-1,16
2736,28,17,-1,-1,17
2737,28,18,-1,-1,18
2738,28,19,-1,-1,19
2739,28,20,-1,-1,20
2740,28,21,-1,-1,21
2741,28,22,-1,-1,22
2742,28,23,-1,-1,23
2743,28,24,-1,-1,24
2744,28,25,-1,-1,25
2745,28,26,-1,-1,26
2746,28,27,-1,-1,27
2747,28,28,-1,-1,28
2748,28,29,-1,-1,29
2749,28,30,-1,-1,30
2750,28,31,-1,-1,31
2751,28,32,-1,-1,32
2752,28,33,-1,-1,33
2753,28,34,-1,-1,34
2754,28,35,-1,-1,35
2755,28,36,-1,-1,36
2756,28,37,-1,-1,37
2757,28,38,-1,-1,38
2758,28,39,-1,-1,39
2759,28,40,-1,-1,40
2760,28,41,-1,-1,41
2761,28,42,-1,-1,42
2762,28,43,-1,-1,43
2763,28,44,-1,-1,44
2764,28,45,-1,-1,45
2765,28,46,-1,-1,46
2766,28,47,-1,-1,47
2767,28,48,-1,-1,48
2768,28,49,-1,-1,49
2769,28,50,-1,-1,50
2770,28,51,-1,-1,51
2771,28,52,-1,-1,52
2772,28,53,-1,-1,53
2773,28,54,-1,-1,54
2774,28,55,-1,-1,55
2775,28,56,-1,-1,56
2776,28,57,-1,-1,57
2777,28,58,-1,-1,58
2778,28,59,-1,-1,59
2779,28,60,-1,-1,60
2780,28,61,-1,-1,61
2781,28,62,-1,-1,62
2782,28,63,-1,-1,63
2783,28,64,-1,-1,64
2784,28,65,-1,-1,65
2785,28,66,-1,-1,66
2786,28,67,-1,-1,67
2787,28,68,-1,-1,68
2788,28,69,-1,-1,69
2789,28,70,-1,-1,70
2790,28,71,-1,-1,71
2791,28,72,-1,-1,72
2792,28,73,-1,-1,73
2793,28,74,-1,-1,74
2794,28,75,-1,-1,75
2795,28,76,-1,-1,76
2796,28,77,-1,-1,77
2797,28,78,-1,-1,78
2798,28,79,-1,-1,79
2799,28,80,-1,-1,80
2800,28,81,-1,-1,81
2801,28,82,-1,-1,82
2802,28,83,-1,-1,83
2803,28,84,-1,-1,84
2804,28,85,-1,-1,85
2805,28,86,-1,-1,86
2806,28,87,-1,-1,87
2807,28,88,-1,-1,88
2808,28,89,-1,-1,89
2809,28,90,-1,-1,90
2810,28,91,-1,-1,91
2811,28,92,-1,-1,92
2812,28,93,-1,-1,93
2813,28,94,-1,-1,94
2814,28,95,-1,-1,95
2815,28,96,-1,-1,96
2816,28,97,-1,-1,97
2817,28,98,-1,-1,98
2818,28,99,-1,-1,99
2819,28,100,-1,-1,100
2820,29,1,1,-1,1
2821,29,1,2,-1,2
2822,29,1,3,-1,3
2823,29,1,4,-1,4
2824,29,1,5,-1,5
2825,29,1,6,-1,6
2826,29,1,7,-1,7
2827,29,1,8,-1,8
2828,29,1,9,-1,9
2829,29,1,10,-1,10
2830,29,2,1,-1,1
2831,29,2,2,-1,2
2832,29,2,3,-1,3
2833,29,2,4,-1,4
2834,29,2,5,-1,5
2835,29,2,6,-1,6
2836,29,2,7,-1,7
2837,29,2,8,-1,8
2838,29,2,9,-1,9
2839,29,2,10,-1,10
2840,29,2,11,-1,11
2841,29,2,12,-1,12
2842,29,2,13,-1,13
2843,29,2,14,-1,14
2844,29,2,15,-1,15
2845,29,2,16,-1,16
2846,29,2,17,-1,17
2847,29,2,18,-1,18
2848,29,2,19,-1,19
2849,29,2,20,-1,20
2850,29,2,21,-1,21
2851,29,2,22,-1,22
2852,29,2,23,-1,23
2853,29,2,24,-1,24
2854,29,2,25,-1,25
2855,29,2,26,-1,26
2856,29,2,27,-1,27
2857,29,2,28,-1,28
2858,29,2,29,-1,29
2859,29,2,30,-1,30
2860,29,2,31,-1,31
2861,29,2,32,-1,32
2862,29,2,33,-1,33
2863,29,2,34,-1,34
2864,29,2,35,-1,35
2865,29,2,36,-1,36
2866,29,2,37,-1,37
2867,29,2,38,-1,38
2868,29,2,39,-1,39
2869,29,2,40,-1,40
2870,29,2,41,-1,41
2871,29,2,42,-1,42
2872,29,2,43,-1,43
2873,29,2,44,-1,44
2874,29,2,45,-1,45
2875,29,2,46,-1,46
2876,29,2,47,-1,47
2877,29,2,48,-1,48
2878,29,2,49,-1,49
2879,29,2,50,-1,50
2880,29,2,51,-1,51
2881,29,2,52,-1,52
2882,29,2,53,-1,53
2883,29,2,54,-1,54
2884,29,2,55,-1,55
2885,29,2,56,-1,56
2886,29,2,57,-1,57
2887,29,2,58,-1,58
2888,29,2,59,-1,59
2889,29,2,60,-1,60
2890,29,2,61,-1,61
2891,29,2,62,-1,62
2892,29,2,63,-1,63
2893,29,2,64,-1,64
2894,29,2,65,-1,65
2895,29,2,66,-1,66
2896,29,2,67,-1,67
2897,29,2,68,-1,68
2898,29,2,69,-1,69
2899,29,2,70,-1,70
2900,29,2,71,-1,71
2901,29,2,72,-1,72
2902,29,2,73,-1,73
2903,29,2,74,-1,74
2904,29,2,75,-1,75
2905,29,2,76,-1,76
2906,29,2,77,-1,77
2907,29,2,78,-1,78
2908,29,2,79,-1,79
2909,29,2,80,-1,80
2910,29,2,81,-1,81
2911,29,2,82,-1,82
2912,29,2,83,-1,83
2913,29,2,84,-1,84
2914,29,2,85,-1,85
2915,29,2,86,-1,86
2916,29,2,87,-1,87
2917,29,2,88,-1,88
2918,29,2,89,-1,89
2919,29,2,90,-1,90
2920,29,2,91,-1,91
2921,29,2,92,-1,92
2922,29,2,93,-1,93
2923,29,2,94,-1,94
2924,29,2,95,-1,95
2925,29,2,96,-1,96
2926,29,2,97,-1,97
2927,29,2,98,-1,98
2928,29,2,99,-1,99
2929,29,2,100,-1,100
2930,29,3,1,-1,1
2931,29,3,2,-1,2
2932,29,3,3,-1,3
2933,29,3,4,-1,4
2934,29,3,5,-1,5
2935,29,3,6,-1,6
2936,29,3,7,-1,7
2937,29,3,8,-1,8
2938,29,3,9,-1,9
2939,29,3,10,-1,10
2940,29,3,11,-1,11
2941,29,3,12,-1,12
2942,29,3,13,-1,13
2943,29,3,14,-1,14
2944,29,3,15,-1,15
2945,29,3,16,-1,16
2946,29,3,17,-1,17
2947,29,3,18,-1,18
2948,29,3,19,-1,19
2949,29,3,20,-1,20
2950,29,3,21,-1,21
2951,29,3,22,-1,22
2952,29,3,23,-1,23
2953,29,3,24,-1,24
2954,29,3,25,-1,25
2955,29,3,26,-1,26
2956,29,3,27,-1,27
2957,29,3,28,-1,28
2958,29,3,29,-1,29
2959,29,3,30,-1,30
2960,29,3,31,-1,31
2961,29,3,32,-1,32
2962,29,3,33,-1,33
2963,29,3,34,-1,34
2964,29,3,35,-1,35
2965,29,3,36,-1,36
2966,29,3,37,-1,37
2967,29,3,38,-1,38
2968,29,3,39,-1,39
2969,29,3,40,-1,40
2970,29,3,41,-1,41
2971,29,3,42,-1,42
2972,29,3,43,-1,43
2973,29,3,44,-1,44
2974,29,3,45,-1,45
2975,29,3,46,-1,46
2976,29,3,47,-1,47
2977,29,3,48,-1,48
2978,29,3,49,-1,49
2979,29,3,50,-1,50
2980,29,3,51,-1,51
2981,29,3,52,-1,52
2982,29,3,53,-1,53
2983,29,3,54,-1,54
2984,29,3,55,-1,55
2985,29,3,56,-1,56
2986,29,3,57,-1,57
2987,29,3,58,-1,58
2988,29,3,59,-1,59
2989,29,3,60,-1,60
2990,29,3,61,-1,61
2991,29,3,62,-1,62
2992,29,3,63,-1,63
2993,29,3,64,-1,64
2994,29,3,65,-1,65
2995,29,3,66,-1,66
2996,29,3,67,-1,67
2997,29,3,68,-1,68
2998,29,3,69,-1,69
2999,29,3,70,-1,70
3000,29,3,71,-1,71
3001,29,3,72,-1,72
3002,29,3,73,-1,73
3003,29,3,74,-1,74
3004,29,3,75,-1,75
3005,29,3,76,-1,76
3006,29,3,77,-1,77
3007,29,3,78,-1,78
3008,29,3,79,-1,79
3009,29,3,80,-1,80
3010,29,3,81,-1,81
3011,29,3,82,-1,82
3012,29,3,83,-1,83
3013,29,3,84,-1,84
3014,29,3,85,-1,85
3015,29,3,86,-1,86
3016,29,3,87,-1,87
3017,29,3,88,-1,88
3018,29,3,89,-1,89
3019,29,3,90,-1,90
3020,29,3,91,-1,91
3021,29,3,92,-1,92
3022,29,3,93,-1,93
3023,29,3,94,-1,94
3024,29,3,95,-1,95
3025,29,3,96,-1,96
3026,29,3,97,-1,97
3027,29,3,98,-1,98
3028,29,3,99,-1,99
3029,29,3,100,-1,100
